{

        "0":"<div><p>Wake! For the Sun, who scatter`d into flight</p><p>The Stars before him from the Field of Night,</p><p>Drives Night along with them from Heav`n, and strikes</p><p>The Sultan`s Turret with a Shaft of Light.</p></div>",
        "1":"<div><p>Before the phantom of False morning died,</p><p>Methought a Voice within the Tavern cried,</p><p>'When all the Temple is prepared within, </p><p>Why nods the drowsy Worshipper outside?'</p></div>",
        "2":"<div><p>And, as the Cock crew, those who stood before</p><p>The Tavern shouted--'Open then the Door!</p><p>You know how little while we have to stay,</p><p>And, once departed, may return no more.'</p></div>",
        "3":"<div><p>Iram indeed is gone with all his Rose,</p><p>And Jamshyd's Sev'n-ring'd Cup where no one knows;</p><p>But still a Ruby kindles in the Vine,</p><p>And many a Garden by the Water blows, </p></div>",
        "4":"<div><p>And David's lips are lockt; but in divine</p><p>High-piping Pehlevi, with 'Wine! Wine! Wine!</p><p>Red Wine!'--the Nightingale cries to the Rose </p><p>That sallow cheek of hers t' incarnadine.</p></div>"

}